"gene_id","hl.Neurite","hl.Soma"
"ENSMUSG00000020594",3.4,3.15
"ENSMUSG00000020598",3.625,3.25
"ENSMUSG00000020608",2.375,1.825
"ENSMUSG00000020611",5.175,1.6
"ENSMUSG00000020644",2.6,2.225
"ENSMUSG00000020646",1.4,1.6
"ENSMUSG00000020668",4.575,3.425
"ENSMUSG00000020671",4.475,4.225
"ENSMUSG00000020680",6.775,5.65
"ENSMUSG00000020694",4.2,3.75
"ENSMUSG00000020705",3.55,1.925
"ENSMUSG00000020708",5.75,3.025
"ENSMUSG00000020721",1.675,2.025
"ENSMUSG00000020723",4.15,2.3
"ENSMUSG00000020794",3.8,3.775
"ENSMUSG00000020817",2.95,4.15
"ENSMUSG00000020840",6.5,5.125
"ENSMUSG00000020844",2.35,2.6
"ENSMUSG00000020859",2.75,2.375
"ENSMUSG00000020863",5.1,2.65
"ENSMUSG00000020864",3.875,2.025
"ENSMUSG00000020883",4.65,2.475
"ENSMUSG00000020886",8.425,3.85
"ENSMUSG00000020888",3.975,3.6
"ENSMUSG00000020894",2.275,4.925
"ENSMUSG00000020929",3.875,4.6
"ENSMUSG00000020935",1.975,1.15
"ENSMUSG00000020954",2.2,4.2
"ENSMUSG00000020978",4.575,3.2
"ENSMUSG00000020994",5.75,2.75
"ENSMUSG00000021000",2.8,2.7
"ENSMUSG00000021010",1.425,1.5
"ENSMUSG00000021012",5.175,3.75
"ENSMUSG00000021022",1.9,2.3
"ENSMUSG00000021024",7.225,2.7
"ENSMUSG00000021025",2.25,2.625
"ENSMUSG00000021027",2.95,3.275
"ENSMUSG00000021039",2.6,2.625
"ENSMUSG00000021040",5.025,5.675
"ENSMUSG00000021051",3.875,1.6
"ENSMUSG00000021066",4.95,3.65
"ENSMUSG00000021072",5.075,3.6
"ENSMUSG00000021079",3.825,2.8
"ENSMUSG00000021087",8.4,7.725
"ENSMUSG00000021096",3.175,4.3
"ENSMUSG00000021111",2.95,3.975
"ENSMUSG00000021124",3.9,5.375
"ENSMUSG00000021134",2.85,2.9
"ENSMUSG00000021136",5.35,4.075
"ENSMUSG00000021144",6.05,3.45
"ENSMUSG00000021149",1.8,2.575
"ENSMUSG00000021178",3.825,5.1
"ENSMUSG00000021198",2.775,2.625
"ENSMUSG00000021217",2,3.8
"ENSMUSG00000021218",7.525,3.325
"ENSMUSG00000021221",0.975,1.575
"ENSMUSG00000021244",2.975,1.725
"ENSMUSG00000021262",8.2,4.35
"ENSMUSG00000021264",6.6,2.25
"ENSMUSG00000021270",4.6,3.825
"ENSMUSG00000021277",2.25,2.975
"ENSMUSG00000021282",5.95,4.35
"ENSMUSG00000021302",1.125,1.725
"ENSMUSG00000021314",3.275,4.375
"ENSMUSG00000021326",3.325,3.725
"ENSMUSG00000021366",4.9,3.25
"ENSMUSG00000021374",2.25,3.8
"ENSMUSG00000021377",2.775,3.05
"ENSMUSG00000021400",3.7,3.175
"ENSMUSG00000021413",2.325,2.075
"ENSMUSG00000021431",1.35,2.125
"ENSMUSG00000021460",2.125,2.3
"ENSMUSG00000021466",1.9,2.125
"ENSMUSG00000021470",4.2,4.075
"ENSMUSG00000021486",1.8,1.575
"ENSMUSG00000021488",4.175,1.375
"ENSMUSG00000021540",2.175,1.6
"ENSMUSG00000021549",2.05,2.55
"ENSMUSG00000021555",3.725,3.6
"ENSMUSG00000021556",5.05,4.6
"ENSMUSG00000021557",5.875,2.175
"ENSMUSG00000021559",4.7,3.65
"ENSMUSG00000021577",3.075,1.25
"ENSMUSG00000021589",2.825,3.925
"ENSMUSG00000021595",3.85,3.875
"ENSMUSG00000021608",2.775,2.825
"ENSMUSG00000021614",2.225,4.825
"ENSMUSG00000021643",4.475,4.35
"ENSMUSG00000021681",2.9,1.9
"ENSMUSG00000021693",3.1,3.625
"ENSMUSG00000021699",2.05,2.15
"ENSMUSG00000021710",2.6,3.65
"ENSMUSG00000021713",3.8,1.95
"ENSMUSG00000021733",3.725,1.675
"ENSMUSG00000021745",2.325,2
"ENSMUSG00000021767",1.2,1.825
"ENSMUSG00000021774",5.75,6.075
"ENSMUSG00000021782",4.05,2.7
"ENSMUSG00000021816",4.4,4.05
"ENSMUSG00000021823",3.375,6.425
"ENSMUSG00000021831",4.35,2.45
"ENSMUSG00000021840",3.75,2.75
"ENSMUSG00000021910",5.575,5.775
"ENSMUSG00000021938",2.55,4.975
"ENSMUSG00000021945",2.55,2
"ENSMUSG00000021967",2.8,3.95
"ENSMUSG00000021969",2.8,2.85
"ENSMUSG00000021983",1.925,2.4
"ENSMUSG00000021987",2.475,5.9
"ENSMUSG00000021991",2.95,1.775
"ENSMUSG00000022000",3.425,4.325
"ENSMUSG00000022010",2.375,2.95
"ENSMUSG00000022012",1.225,1.775
"ENSMUSG00000022044",5.75,4.175
"ENSMUSG00000022048",7.65,6.8
"ENSMUSG00000022052",2.675,2.15
"ENSMUSG00000022053",1.55,3.175
"ENSMUSG00000022055",4.225,5.175
"ENSMUSG00000022076",1.9,2.275
"ENSMUSG00000022106",3.8,2.3
"ENSMUSG00000022111",5.65,7.8
"ENSMUSG00000022119",2.075,1.825
"ENSMUSG00000022141",4.25,2.775
"ENSMUSG00000022185",2.225,2.35
"ENSMUSG00000022186",6.95,3.625
"ENSMUSG00000022191",1.525,2.975
"ENSMUSG00000022201",2.425,5.925
"ENSMUSG00000022240",2,2.5
"ENSMUSG00000022246",3.725,1.25
"ENSMUSG00000022248",2.6,1.875
"ENSMUSG00000022255",4.775,2.05
"ENSMUSG00000022263",2.65,4.125
"ENSMUSG00000022265",3.55,4.375
"ENSMUSG00000022280",5.25,1.525
"ENSMUSG00000022305",1.825,1.65
"ENSMUSG00000022336",5.375,6.3
"ENSMUSG00000022337",8.525,4.575
"ENSMUSG00000022339",5.325,3.025
"ENSMUSG00000022350",4.975,2.475
"ENSMUSG00000022351",1.8,2.65
"ENSMUSG00000022353",4.2,3.825
"ENSMUSG00000022354",7.175,3.6
"ENSMUSG00000022377",2.4,2.3
"ENSMUSG00000022400",4.3,5.35
"ENSMUSG00000022403",5.75,3.725
"ENSMUSG00000022426",2.875,2.625
"ENSMUSG00000022437",4.725,5.625
"ENSMUSG00000022456",3.05,6.325
"ENSMUSG00000022462",5.875,2.375
"ENSMUSG00000022463",3.7,2.25
"ENSMUSG00000022517",2.925,4.85
"ENSMUSG00000022521",2.275,1.875
"ENSMUSG00000022536",3.475,1.5
"ENSMUSG00000022557",7,3.875
"ENSMUSG00000022564",5.3,3.15
"ENSMUSG00000022577",1.45,2.85
"ENSMUSG00000022607",2.95,2.125
"ENSMUSG00000022629",4.15,5.3
"ENSMUSG00000022634",3.175,3.475
"ENSMUSG00000022637",3.375,2.65
"ENSMUSG00000022682",2.85,3.575
"ENSMUSG00000022708",2.5,1.875
"ENSMUSG00000022718",5.15,3.425
"ENSMUSG00000022752",5.925,6.175
"ENSMUSG00000022774",8.625,3.25
"ENSMUSG00000022788",1.775,1.725
"ENSMUSG00000022801",1.975,3.3
"ENSMUSG00000022822",5.975,2.55
"ENSMUSG00000022837",1.925,1.525
"ENSMUSG00000022841",4.625,3.875
"ENSMUSG00000022858",3,2.45
"ENSMUSG00000022865",4.575,4.475
"ENSMUSG00000022883",2.025,1.95
"ENSMUSG00000022885",2.45,1.75
"ENSMUSG00000022897",4.25,5.65
"ENSMUSG00000022905",5.025,4.3
"ENSMUSG00000022914",2.15,1.975
"ENSMUSG00000022935",2.15,3.15
"ENSMUSG00000022956",5.75,6.55
"ENSMUSG00000022957",3.55,3.725
"ENSMUSG00000022961",4.05,5.675
"ENSMUSG00000022973",4.5,2.925
"ENSMUSG00000022974",2.625,3.325
"ENSMUSG00000022995",7.225,5.075
"ENSMUSG00000023004",6.15,5.35
"ENSMUSG00000023007",2.725,3.35
"ENSMUSG00000023018",2.4,2.25
"ENSMUSG00000023067",2.25,1.45
"ENSMUSG00000023089",9.35,2.575
"ENSMUSG00000023110",5.625,2.75
"ENSMUSG00000023147",3.875,6.3
"ENSMUSG00000023150",3.3,2.875
"ENSMUSG00000023169",4.625,4.075
"ENSMUSG00000023286",1.825,2.6
"ENSMUSG00000023353",5.125,4.05
"ENSMUSG00000023391",1.525,3.2
"ENSMUSG00000023452",3.55,4.075
"ENSMUSG00000023456",3.35,4.375
"ENSMUSG00000023723",5.2,3.825
"ENSMUSG00000023755",4.525,4
"ENSMUSG00000023827",6.025,2.975
"ENSMUSG00000023852",3.5,3.725
"ENSMUSG00000023868",1.725,2.85
"ENSMUSG00000023906",2.9,3.425
"ENSMUSG00000023927",5.175,5.175
"ENSMUSG00000023977",2.625,3.3
"ENSMUSG00000024002",5.7,4.675
"ENSMUSG00000024006",2.925,3.1
"ENSMUSG00000024007",4.85,2.45
"ENSMUSG00000024038",6.325,6.575
"ENSMUSG00000024044",4.575,2.8
"ENSMUSG00000024054",4.6,3.075
"ENSMUSG00000024063",4.55,2.75
"ENSMUSG00000024065",2.5,4.175
"ENSMUSG00000024068",3.2,5.3
"ENSMUSG00000024073",4.175,4.075
"ENSMUSG00000024083",4.575,3.275
"ENSMUSG00000024109",2.775,2.725
"ENSMUSG00000024121",7.05,3.55
"ENSMUSG00000024143",3.075,4
"ENSMUSG00000024172",2.6,3.375
"ENSMUSG00000024219",3.075,3.075
"ENSMUSG00000024220",3.7,2.65
"ENSMUSG00000024234",4.525,3.475
"ENSMUSG00000024236",3.8,2.225
"ENSMUSG00000024238",3.7,4.975
"ENSMUSG00000024240",3.225,1.55
"ENSMUSG00000024241",2.9,2.125
"ENSMUSG00000024245",1.175,1.125
"ENSMUSG00000024268",4.65,3.95
"ENSMUSG00000024270",2.55,6.525
"ENSMUSG00000024271",2.275,5.225
"ENSMUSG00000024287",4.775,3.625
"ENSMUSG00000024290",2.9,2.525
"ENSMUSG00000024294",3.4,2.775
"ENSMUSG00000024302",2.875,4.4
"ENSMUSG00000024304",2.9,2
"ENSMUSG00000024309",2.3,2.825
"ENSMUSG00000024317",4.95,1.475
"ENSMUSG00000024335",2.675,3.75
"ENSMUSG00000024350",2.225,1.325
"ENSMUSG00000024393",5.525,3.525
"ENSMUSG00000024420",2.05,2.7
"ENSMUSG00000024425",4.2,4.25
"ENSMUSG00000024456",2.15,2.1
"ENSMUSG00000024462",4.675,2.275
"ENSMUSG00000024474",4.45,4.525
"ENSMUSG00000024480",8.6,4.125
"ENSMUSG00000024483",2.25,1.025
"ENSMUSG00000024498",4.025,4
"ENSMUSG00000024500",1.95,2.05
"ENSMUSG00000024501",2.625,3.85
"ENSMUSG00000024502",1.65,1.85
"ENSMUSG00000024515",2.55,3.3
"ENSMUSG00000024534",1.575,0.975
"ENSMUSG00000024548",1.75,1.725
"ENSMUSG00000024565",1.65,2.55
"ENSMUSG00000024587",6.925,6.55
"ENSMUSG00000024589",2.875,2.35
"ENSMUSG00000024594",3.525,3.45
"ENSMUSG00000024597",4.45,3.55
"ENSMUSG00000024608",8.625,8.025
"ENSMUSG00000024614",3.675,1.7
"ENSMUSG00000024639",6.05,4.4
"ENSMUSG00000024642",1.775,1.825
"ENSMUSG00000024665",3.15,2.8
"ENSMUSG00000024695",2.6,5.275
"ENSMUSG00000024738",2.5,2.425
"ENSMUSG00000024743",3.775,4.725
"ENSMUSG00000024750",3.625,2.35
"ENSMUSG00000024754",3.2,2.2
"ENSMUSG00000024759",1.725,3.075
"ENSMUSG00000024772",4.725,5.9
"ENSMUSG00000024790",4.45,2.425
"ENSMUSG00000024811",4.375,3.3
"ENSMUSG00000024817",4.8,3.625
"ENSMUSG00000024826",4.3,2.375
"ENSMUSG00000024949",8.45,5.925
"ENSMUSG00000024968",2.825,2.325
"ENSMUSG00000024976",2.675,2.2
"ENSMUSG00000024978",3.95,2.625
"ENSMUSG00000024983",3.1,2.2
"ENSMUSG00000024985",3.15,2.075
"ENSMUSG00000024991",4.45,4.6
"ENSMUSG00000025006",1.9,2.1
"ENSMUSG00000025066",3.325,3.675
"ENSMUSG00000025085",2.875,2.925
"ENSMUSG00000025089",3.55,2.225
"ENSMUSG00000025092",5.975,3.025
"ENSMUSG00000025103",4.675,2.275
"ENSMUSG00000025104",3.1,2.3
"ENSMUSG00000025138",2.15,3.5
"ENSMUSG00000025159",4.575,3.575
"ENSMUSG00000025161",4.625,4.7
"ENSMUSG00000025203",5.4,4.9
"ENSMUSG00000025208",2.375,2.2
"ENSMUSG00000025220",8.775,2.775
"ENSMUSG00000025224",4.65,5.975
"ENSMUSG00000025232",5.8,4.35
"ENSMUSG00000025234",2.875,3.025
"ENSMUSG00000025237",3.65,3.5
"ENSMUSG00000025246",2.75,2.275
"ENSMUSG00000025255",1.775,1.875
"ENSMUSG00000025261",3.6,5.15
"ENSMUSG00000025316",2.75,3.35
"ENSMUSG00000025326",1.8,2.35
"ENSMUSG00000025332",2.425,3.825
"ENSMUSG00000025352",1.55,1.625
"ENSMUSG00000025362",6.75,3.55
"ENSMUSG00000025369",1.75,2.625
"ENSMUSG00000025384",5.475,1.95
"ENSMUSG00000025404",2.775,3.55
"ENSMUSG00000025410",5.925,6.125
"ENSMUSG00000025413",5.525,6.3
"ENSMUSG00000025423",6.9,2.775
"ENSMUSG00000025427",3,3.075
"ENSMUSG00000025428",5.1,6.275
"ENSMUSG00000025478",2.475,4.45
"ENSMUSG00000025510",1.8,1.775
"ENSMUSG00000025531",6.175,2.975
"ENSMUSG00000025571",2.075,1.975
"ENSMUSG00000025577",2.85,2.55
"ENSMUSG00000025592",2.625,2.525
"ENSMUSG00000025609",3.975,2.55
"ENSMUSG00000025612",2.85,2.5
"ENSMUSG00000025616",3.225,2.45
"ENSMUSG00000025626",5.025,3.075
"ENSMUSG00000025702",6.725,3.375
"ENSMUSG00000025728",5.45,3.25
"ENSMUSG00000025743",1.875,2.5
"ENSMUSG00000025764",4.95,2.875
"ENSMUSG00000025785",7.775,3.575
"ENSMUSG00000025812",3.325,2.7
"ENSMUSG00000000085",1.325,1.7
"ENSMUSG00000000120",6.925,2.875
"ENSMUSG00000000134",6.875,3.675
"ENSMUSG00000000339",4.875,4.2
"ENSMUSG00000000399",3.325,3.975
"ENSMUSG00000000416",3.425,4.1
"ENSMUSG00000000567",1.5,0.9
"ENSMUSG00000000581",2.2,3.025
"ENSMUSG00000000600",1.65,1.275
"ENSMUSG00000000631",2.175,3.7
"ENSMUSG00000000740",11.1,5.375
"ENSMUSG00000000787",4.975,3.775
"ENSMUSG00000000804",2.775,2.175
"ENSMUSG00000000826",2.875,1.625
"ENSMUSG00000000959",4.675,8.225
"ENSMUSG00000001052",3.525,3.075
"ENSMUSG00000001089",3,5.075
"ENSMUSG00000001105",7.475,5.275
"ENSMUSG00000001120",4.15,4.725
"ENSMUSG00000001157",4.675,5.225
"ENSMUSG00000001173",2.375,5.025
"ENSMUSG00000001175",4.25,4.325
"ENSMUSG00000001211",2.75,3.6
"ENSMUSG00000001280",2.85,1.475
"ENSMUSG00000001289",2.95,8.875
"ENSMUSG00000001313",3.5,7.55
"ENSMUSG00000001383",4.975,1.775
"ENSMUSG00000001424",6.35,3.875
"ENSMUSG00000001445",4.325,1.5
"ENSMUSG00000001472",4.625,4.35
"ENSMUSG00000001525",2.25,2.075
"ENSMUSG00000001630",3.3,1.05
"ENSMUSG00000001632",3.6,3.65
"ENSMUSG00000001687",4.95,1.725
"ENSMUSG00000001755",4.225,3.775
"ENSMUSG00000001768",2.65,1.25
"ENSMUSG00000001774",2.625,1.5
"ENSMUSG00000001891",5.075,6.075
"ENSMUSG00000001910",1.675,2.15
"ENSMUSG00000001924",3.05,6.775
"ENSMUSG00000001985",2.225,3.025
"ENSMUSG00000001986",2.275,3.875
"ENSMUSG00000002017",2.25,1.925
"ENSMUSG00000002028",1.525,1.6
"ENSMUSG00000002052",4.125,2.3
"ENSMUSG00000002222",8.225,1.6
"ENSMUSG00000002319",2.1,3.775
"ENSMUSG00000002372",3.45,3.75
"ENSMUSG00000002395",1.725,3.925
"ENSMUSG00000002413",2.375,3.125
"ENSMUSG00000002524",4.625,4.05
"ENSMUSG00000002718",5,6.7
"ENSMUSG00000002741",4.525,3.95
"ENSMUSG00000002748",5.15,4.4
"ENSMUSG00000002949",4.375,2.525
"ENSMUSG00000002957",2.675,2.35
"ENSMUSG00000002981",3.6,5.525
"ENSMUSG00000003070",3.675,1.625
"ENSMUSG00000003199",2.55,3.125
"ENSMUSG00000003235",4.45,3.35
"ENSMUSG00000003316",3.4,2.975
"ENSMUSG00000003345",3.7,1.075
"ENSMUSG00000003363",5.425,7.1
"ENSMUSG00000003410",2.1,4.05
"ENSMUSG00000003436",4.575,5.275
"ENSMUSG00000003438",5.625,3.125
"ENSMUSG00000003452",1.85,2.125
"ENSMUSG00000003534",3.8,4.8
"ENSMUSG00000003581",2.425,3.025
"ENSMUSG00000003778",2.3,2.275
"ENSMUSG00000003814",10.075,6.65
"ENSMUSG00000003948",1.825,3.975
"ENSMUSG00000003955",3.25,4.075
"ENSMUSG00000004040",5.625,5
"ENSMUSG00000004056",4.525,3.975
"ENSMUSG00000004070",3.35,4.45
"ENSMUSG00000004071",4.75,3.725
"ENSMUSG00000004085",2.875,3.4
"ENSMUSG00000004113",2.7,1.675
"ENSMUSG00000004360",3.3,3
"ENSMUSG00000004364",2.6,2.5
"ENSMUSG00000004383",4.3,2.9
"ENSMUSG00000004591",3.025,1.825
"ENSMUSG00000004631",2.425,2.9
"ENSMUSG00000004637",1.725,2.6
"ENSMUSG00000004788",2.9,6.075
"ENSMUSG00000004789",3.6,4.375
"ENSMUSG00000004798",2.85,2.45
"ENSMUSG00000004865",4.45,3.2
"ENSMUSG00000004937",1.825,2.3
"ENSMUSG00000004980",6.075,3.825
"ENSMUSG00000005225",5.375,4
"ENSMUSG00000005262",3.875,4.825
"ENSMUSG00000005312",7.625,4.85
"ENSMUSG00000005362",2.5,2.675
"ENSMUSG00000005371",1.9,1.975
"ENSMUSG00000005442",4.15,3.45
"ENSMUSG00000005483",2.775,5.125
"ENSMUSG00000005510",3.025,4.475
"ENSMUSG00000005533",4.65,2.575
"ENSMUSG00000005609",3.5,3.25
"ENSMUSG00000005615",1.675,3.175
"ENSMUSG00000005683",5.7,3.275
"ENSMUSG00000005698",4.65,3.15
"ENSMUSG00000005779",7.1,5.6
"ENSMUSG00000005813",5.375,5.525
"ENSMUSG00000005871",4.725,5.575
"ENSMUSG00000005873",2.425,1.7
"ENSMUSG00000005886",5.725,3.025
"ENSMUSG00000005893",2.05,2.775
"ENSMUSG00000005897",2.625,2.75
"ENSMUSG00000005958",4.05,1.45
"ENSMUSG00000005982",3.7,5.375
"ENSMUSG00000006005",5.1,5.05
"ENSMUSG00000006050",3.2,2.05
"ENSMUSG00000006057",5.15,8.075
"ENSMUSG00000006095",8.9,4.35
"ENSMUSG00000006273",4.2,6.025
"ENSMUSG00000006289",4.875,5.675
"ENSMUSG00000006333",1.25,8.2
"ENSMUSG00000006373",3.275,2.1
"ENSMUSG00000006412",5.9,7.475
"ENSMUSG00000006586",1.6,2.275
"ENSMUSG00000006673",3.775,2.175
"ENSMUSG00000006941",6.475,4.775
"ENSMUSG00000007041",4.4,4.45
"ENSMUSG00000007415",6.875,1.975
"ENSMUSG00000007476",2.425,3.75
"ENSMUSG00000007617",2.575,2.325
"ENSMUSG00000007656",4.5,3.9
"ENSMUSG00000007783",6.4,2.125
"ENSMUSG00000007812",4.425,2.375
"ENSMUSG00000007850",7.85,2.925
"ENSMUSG00000007872",2.325,1.275
"ENSMUSG00000007989",2.75,3.225
"ENSMUSG00000008200",5.375,5.125
"ENSMUSG00000008333",5.2,2.9
"ENSMUSG00000008393",3.375,2.25
"ENSMUSG00000008489",4.275,3.8
"ENSMUSG00000008496",1.675,2.325
"ENSMUSG00000008604",5.4,3.4
"ENSMUSG00000008658",2.575,1.825
"ENSMUSG00000008763",4.175,2.675
"ENSMUSG00000008859",3.8,2.875
"ENSMUSG00000008892",6.3,5.3
"ENSMUSG00000008999",4.575,3.675
"ENSMUSG00000009073",6.8,6.225
"ENSMUSG00000009079",6.25,2.725
"ENSMUSG00000009090",2.9,5.025
"ENSMUSG00000009535",5.15,4.125
"ENSMUSG00000009681",2.775,2.15
"ENSMUSG00000009741",4.35,3.625
"ENSMUSG00000009828",3.9,2.025
"ENSMUSG00000009907",3.45,4.675
"ENSMUSG00000010067",5.575,1.525
"ENSMUSG00000010086",7.55,7.7
"ENSMUSG00000010110",5.625,1.6
"ENSMUSG00000010175",2.65,1.7
"ENSMUSG00000010453",6.7,2.375
"ENSMUSG00000010476",1.8,3.35
"ENSMUSG00000010505",3.75,4.525
"ENSMUSG00000010608",2.55,2.55
"ENSMUSG00000010663",4.7,5.975
"ENSMUSG00000011256",2.2,1.825
"ENSMUSG00000011877",6.85,5.875
"ENSMUSG00000011958",6.475,5.45
"ENSMUSG00000011960",4.175,2.025
"ENSMUSG00000012405",3,5.525
"ENSMUSG00000012422",6.425,2.4
"ENSMUSG00000012429",2.775,3.275
"ENSMUSG00000012535",5.225,3.925
"ENSMUSG00000013033",0.725,0.625
"ENSMUSG00000013076",5.225,2.8
"ENSMUSG00000013236",5.8,3.3
"ENSMUSG00000013367",3.55,4.05
"ENSMUSG00000013415",5.1,2.275
"ENSMUSG00000013663",4.025,2
"ENSMUSG00000013701",4.075,2.825
"ENSMUSG00000014074",5.15,2.35
"ENSMUSG00000014177",2.625,2.625
"ENSMUSG00000014195",3.625,6.175
"ENSMUSG00000014226",4.5,4.325
"ENSMUSG00000014294",6.775,5.6
"ENSMUSG00000014301",3.075,1.95
"ENSMUSG00000014349",7.25,5.95
"ENSMUSG00000014355",2.175,3.125
"ENSMUSG00000014504",5.575,3.025
"ENSMUSG00000014592",3.65,2.2
"ENSMUSG00000014769",5.1,4.925
"ENSMUSG00000015087",1.575,2.225
"ENSMUSG00000015092",6.425,8.175
"ENSMUSG00000015094",6.25,5.725
"ENSMUSG00000015120",4.575,4.025
"ENSMUSG00000015189",2.825,3.375
"ENSMUSG00000015222",2.35,2.95
"ENSMUSG00000015291",5.175,3.2
"ENSMUSG00000015363",3.275,3.275
"ENSMUSG00000015461",2.175,2.7
"ENSMUSG00000015488",4.75,4.025
"ENSMUSG00000015501",2.325,2.05
"ENSMUSG00000015575",6.025,3
"ENSMUSG00000015597",1.625,4.15
"ENSMUSG00000015672",5.375,4.45
"ENSMUSG00000015709",4.65,2.85
"ENSMUSG00000015749",7.2,6.275
"ENSMUSG00000015750",5.05,3.875
"ENSMUSG00000015757",3.95,2.625
"ENSMUSG00000015759",5.3,2.625
"ENSMUSG00000015804",1.925,3.575
"ENSMUSG00000015869",5.65,4.425
"ENSMUSG00000015882",4.25,2.775
"ENSMUSG00000016018",3.8,4.475
"ENSMUSG00000016253",3.75,2.925
"ENSMUSG00000016346",3.375,3.275
"ENSMUSG00000016386",2.375,3.2
"ENSMUSG00000016619",5,4.55
"ENSMUSG00000016763",1,1.325
"ENSMUSG00000016933",3.5,2.775
"ENSMUSG00000017291",2.725,3.8
"ENSMUSG00000017376",4.45,2.05
"ENSMUSG00000017418",2.675,4.675
"ENSMUSG00000017421",5.775,5.2
"ENSMUSG00000017478",3.575,3.325
"ENSMUSG00000017485",3.55,3.675
"ENSMUSG00000017491",3.425,2.7
"ENSMUSG00000017493",5.75,5.075
"ENSMUSG00000017548",2.95,2.425
"ENSMUSG00000017615",4.05,3.575
"ENSMUSG00000017686",4.575,2.1
"ENSMUSG00000017707",6.925,5.225
"ENSMUSG00000017721",4.8,3.175
"ENSMUSG00000017760",8.1,8.1
"ENSMUSG00000017778",7.7,5.775
"ENSMUSG00000017943",2.925,4.5
"ENSMUSG00000018076",3.675,1.55
"ENSMUSG00000018160",3.4,3.8
"ENSMUSG00000018189",1.95,2.15
"ENSMUSG00000018199",2.575,1.35
"ENSMUSG00000018363",1.775,2.325
"ENSMUSG00000018377",2.275,3.575
"ENSMUSG00000018378",2.75,3.75
"ENSMUSG00000018379",3.725,3.625
"ENSMUSG00000018412",1.725,1.475
"ENSMUSG00000018433",2.375,3.4
"ENSMUSG00000018501",3.775,2.3
"ENSMUSG00000018547",3.225,5.6
"ENSMUSG00000018567",4.125,2.6
"ENSMUSG00000018572",4.325,2.35
"ENSMUSG00000018666",4.625,2.55
"ENSMUSG00000018707",3.125,3.15
"ENSMUSG00000018736",2.525,2.3
"ENSMUSG00000018761",5.15,3.9
"ENSMUSG00000018770",8.975,8.575
"ENSMUSG00000018846",2.95,3.025
"ENSMUSG00000018965",5.425,3.2
"ENSMUSG00000018974",4.05,3.8
"ENSMUSG00000019054",10.025,5.2
"ENSMUSG00000019087",3.175,7.15
"ENSMUSG00000019124",4.025,2.9
"ENSMUSG00000019158",2.175,5.925
"ENSMUSG00000019189",5.025,3
"ENSMUSG00000019254",5.325,3.8
"ENSMUSG00000019297",2.55,1.925
"ENSMUSG00000019302",3.2,4.475
"ENSMUSG00000019428",5.1,4.025
"ENSMUSG00000019432",2.225,1.875
"ENSMUSG00000019578",2.325,4.025
"ENSMUSG00000019647",4.425,2.425
"ENSMUSG00000019689",7.25,4.25
"ENSMUSG00000019699",2.525,3.525
"ENSMUSG00000019715",3.725,3.75
"ENSMUSG00000019775",2.2,1.475
"ENSMUSG00000019777",2.7,5.175
"ENSMUSG00000019790",2.2,2.85
"ENSMUSG00000019802",6.4,5.475
"ENSMUSG00000019806",2.825,2.35
"ENSMUSG00000019831",3.65,5.5
"ENSMUSG00000019837",2.825,3.125
"ENSMUSG00000019843",3.95,2.35
"ENSMUSG00000019849",6.725,4.725
"ENSMUSG00000019907",4.65,3.575
"ENSMUSG00000019923",6.5,6.975
"ENSMUSG00000019947",3.95,2.475
"ENSMUSG00000019970",2.45,2.3
"ENSMUSG00000019977",5.3,3.625
"ENSMUSG00000019978",2.35,5.275
"ENSMUSG00000019979",2.1,2.05
"ENSMUSG00000020015",3.6,2.225
"ENSMUSG00000020048",5.6,4.15
"ENSMUSG00000020074",2.25,3.175
"ENSMUSG00000020097",4.175,4.6
"ENSMUSG00000020108",3.15,3.825
"ENSMUSG00000020116",5.225,4.075
"ENSMUSG00000020121",1.65,3.5
"ENSMUSG00000020124",3.775,2.075
"ENSMUSG00000020132",4.125,4.275
"ENSMUSG00000020134",2.775,2.65
"ENSMUSG00000020135",4.475,3.675
"ENSMUSG00000020152",4.55,7.425
"ENSMUSG00000020160",2,2.775
"ENSMUSG00000020166",5.95,3.35
"ENSMUSG00000020176",7.55,5.5
"ENSMUSG00000020180",7.025,6.8
"ENSMUSG00000020189",3.675,3.85
"ENSMUSG00000020198",1.975,1.775
"ENSMUSG00000020205",2.6,2.175
"ENSMUSG00000020219",4.65,2.225
"ENSMUSG00000020225",8.45,3.5
"ENSMUSG00000020255",2.875,1.525
"ENSMUSG00000020267",11.45,7.7
"ENSMUSG00000020277",6.1,2.9
"ENSMUSG00000020297",3.8,3.65
"ENSMUSG00000020305",6.275,3.525
"ENSMUSG00000020315",5.6,3.575
"ENSMUSG00000020321",8.6,3.175
"ENSMUSG00000020328",5.825,6.05
"ENSMUSG00000020349",3.425,7.75
"ENSMUSG00000020372",15.95,4.95
"ENSMUSG00000020392",3.475,3.825
"ENSMUSG00000020431",4.35,5.075
"ENSMUSG00000020456",3.25,3.075
"ENSMUSG00000020458",1.975,2.425
"ENSMUSG00000020462",2.35,1.375
"ENSMUSG00000020463",1.975,2.175
"ENSMUSG00000020476",5.25,5.025
"ENSMUSG00000020477",7.15,3.625
"ENSMUSG00000020492",4.575,6.55
"ENSMUSG00000020516",6.7,1.275
"ENSMUSG00000020530",3.35,1.6
"ENSMUSG00000020547",2.325,3.475
"ENSMUSG00000020577",3.075,5
"ENSMUSG00000025813",1.225,1.1
"ENSMUSG00000025821",2,2.525
"ENSMUSG00000025856",2.2,2.225
"ENSMUSG00000025873",3.525,3.35
"ENSMUSG00000025889",5.75,7
"ENSMUSG00000025892",3.35,2.175
"ENSMUSG00000025898",2.975,2.55
"ENSMUSG00000025899",1.65,1.5
"ENSMUSG00000025907",3.525,2.775
"ENSMUSG00000025927",3.025,2.25
"ENSMUSG00000025939",2.8,2.6
"ENSMUSG00000025958",3.475,1.825
"ENSMUSG00000025959",2.15,2.225
"ENSMUSG00000025982",5.65,7.275
"ENSMUSG00000026014",2.65,2.05
"ENSMUSG00000026028",5.15,3.275
"ENSMUSG00000026034",2.2,3.375
"ENSMUSG00000026074",3.025,3.075
"ENSMUSG00000026080",3.025,4.35
"ENSMUSG00000026083",4.9,5.425
"ENSMUSG00000026097",3.6,4.625
"ENSMUSG00000026103",2.825,4.925
"ENSMUSG00000026109",1.7,1.825
"ENSMUSG00000026121",2.9,4.3
"ENSMUSG00000026150",3.675,5.35
"ENSMUSG00000026174",2.7,2.775
"ENSMUSG00000026219",6.05,5
"ENSMUSG00000026229",3.3,2.6
"ENSMUSG00000026235",1.45,1.55
"ENSMUSG00000026238",5.525,3.4
"ENSMUSG00000026260",2.675,2.375
"ENSMUSG00000026280",4.075,5.45
"ENSMUSG00000026317",4.95,3.275
"ENSMUSG00000026319",1.675,1.575
"ENSMUSG00000026349",4.825,2.15
"ENSMUSG00000026353",3.025,1.475
"ENSMUSG00000026356",3.575,1.975
"ENSMUSG00000026383",1.775,2.3
"ENSMUSG00000026411",7.425,3.125
"ENSMUSG00000026469",2.175,4.125
"ENSMUSG00000026490",3.475,2.875
"ENSMUSG00000026494",2.075,3.525
"ENSMUSG00000026499",2.925,2.05
"ENSMUSG00000026502",6.7,2.625
"ENSMUSG00000026509",3.525,5.025
"ENSMUSG00000026520",3.325,4.225
"ENSMUSG00000026556",4.15,5.325
"ENSMUSG00000026563",1.725,2.275
"ENSMUSG00000026571",3.325,2.975
"ENSMUSG00000026576",5.15,5.275
"ENSMUSG00000026585",3.75,4
"ENSMUSG00000026594",3.3,3.225
"ENSMUSG00000026596",3.15,2.225
"ENSMUSG00000026640",1.8,2.2
"ENSMUSG00000026643",6.425,4.15
"ENSMUSG00000026657",2.95,2.375
"ENSMUSG00000026667",6.125,3.3
"ENSMUSG00000026675",6.525,4.375
"ENSMUSG00000026698",2.4,4.175
"ENSMUSG00000026728",5.775,5.725
"ENSMUSG00000026739",3.075,3.45
"ENSMUSG00000026740",2.85,1.85
"ENSMUSG00000026743",1.775,2.475
"ENSMUSG00000026764",4.45,1.525
"ENSMUSG00000026775",6.5,5.175
"ENSMUSG00000026782",3.05,3.3
"ENSMUSG00000026797",6.325,5.75
"ENSMUSG00000026812",2.65,2.475
"ENSMUSG00000026824",1.45,2.9
"ENSMUSG00000026833",6,3.975
"ENSMUSG00000026854",2.175,2.325
"ENSMUSG00000026864",3.275,1.8
"ENSMUSG00000026883",4.35,5.575
"ENSMUSG00000026930",2.65,3.425
"ENSMUSG00000026960",4.2,4.45
"ENSMUSG00000026970",6.625,2.35
"ENSMUSG00000026977",3.475,2.6
"ENSMUSG00000026987",2.4,2
"ENSMUSG00000026991",2.05,2.75
"ENSMUSG00000027002",4.95,4.95
"ENSMUSG00000027011",4.075,5.75
"ENSMUSG00000027030",3.15,1.625
"ENSMUSG00000027035",3.525,2.6
"ENSMUSG00000027071",1.125,1.925
"ENSMUSG00000027091",1.925,3.3
"ENSMUSG00000027104",3.8,2.625
"ENSMUSG00000027130",2.3,2.575
"ENSMUSG00000027132",2.25,3.25
"ENSMUSG00000027133",1.45,2.475
"ENSMUSG00000027160",2.825,3.2
"ENSMUSG00000027200",1.775,2.35
"ENSMUSG00000027221",2.825,1.15
"ENSMUSG00000027236",5.075,3.7
"ENSMUSG00000027248",4.675,4.275
"ENSMUSG00000027254",2.075,2.95
"ENSMUSG00000027298",4.675,5.7
"ENSMUSG00000027303",4.55,4.35
"ENSMUSG00000027309",1.425,2
"ENSMUSG00000027330",3.575,2.15
"ENSMUSG00000027349",5.6,4.675
"ENSMUSG00000027350",4.35,5.5
"ENSMUSG00000027365",1.3,2.95
"ENSMUSG00000027367",4.375,3.625
"ENSMUSG00000027381",1.425,0.75
"ENSMUSG00000027397",5.175,4
"ENSMUSG00000027425",2.95,1.7
"ENSMUSG00000027433",3.975,2.675
"ENSMUSG00000027459",2.7,1.675
"ENSMUSG00000027475",2.575,5.1
"ENSMUSG00000027479",5.05,3.95
"ENSMUSG00000027499",3.975,2.8
"ENSMUSG00000027500",2.95,3.95
"ENSMUSG00000027502",2.725,3.275
"ENSMUSG00000027520",1.425,1.325
"ENSMUSG00000027540",4.075,2.85
"ENSMUSG00000027550",3.6,1.75
"ENSMUSG00000027575",3.575,1.925
"ENSMUSG00000027583",3.275,3.5
"ENSMUSG00000027602",7.45,7.225
"ENSMUSG00000027620",1.8,1.625
"ENSMUSG00000027630",4.5,1.7
"ENSMUSG00000027652",1.425,3.975
"ENSMUSG00000027665",1.2,3.525
"ENSMUSG00000027677",5.875,5.725
"ENSMUSG00000027680",5.9,5.475
"ENSMUSG00000027692",2.375,1.825
"ENSMUSG00000027708",4.625,2.5
"ENSMUSG00000027752",5.75,5.025
"ENSMUSG00000027763",2.25,2.425
"ENSMUSG00000027770",3.525,1.65
"ENSMUSG00000027777",2.6,3.275
"ENSMUSG00000027782",1.525,1.7
"ENSMUSG00000027784",4.35,5.225
"ENSMUSG00000027797",7.975,4.8
"ENSMUSG00000027799",1.9,1.775
"ENSMUSG00000027805",4.725,3.675
"ENSMUSG00000027810",2.725,3.375
"ENSMUSG00000027833",2.675,1.75
"ENSMUSG00000027854",2.325,2.375
"ENSMUSG00000027881",2.125,2.5
"ENSMUSG00000027942",4.4,4.5
"ENSMUSG00000027951",3.35,1.25
"ENSMUSG00000027952",2.75,4.8
"ENSMUSG00000027993",1.625,3.1
"ENSMUSG00000027998",4.525,6.125
"ENSMUSG00000028049",6.625,3.1
"ENSMUSG00000028053",1.6,2.075
"ENSMUSG00000028059",2.7,1.475
"ENSMUSG00000028060",4.025,2.575
"ENSMUSG00000028080",2.175,0.975
"ENSMUSG00000028086",6.225,3.3
"ENSMUSG00000028098",3.4,2.15
"ENSMUSG00000028101",2.35,4.55
"ENSMUSG00000028106",4.55,2.425
"ENSMUSG00000028126",5.225,4.525
"ENSMUSG00000028127",3.05,1.925
"ENSMUSG00000028161",3.6,3.45
"ENSMUSG00000028165",3.975,3.775
"ENSMUSG00000028211",5.175,3.35
"ENSMUSG00000028226",2.125,2.325
"ENSMUSG00000028248",4.1,3.9
"ENSMUSG00000028249",7.5,6.475
"ENSMUSG00000028261",4.25,2.45
"ENSMUSG00000028284",3.05,3.775
"ENSMUSG00000028289",1.3,1.15
"ENSMUSG00000028291",5.35,4.125
"ENSMUSG00000028309",6.625,3.35
"ENSMUSG00000028330",4.3,8.725
"ENSMUSG00000028341",1.6,2.25
"ENSMUSG00000028351",1.75,1.3
"ENSMUSG00000028354",2.4,2.525
"ENSMUSG00000028358",4.05,2.2
"ENSMUSG00000028383",2.55,2.075
"ENSMUSG00000028394",6.55,3.5
"ENSMUSG00000028399",4.5,3.875
"ENSMUSG00000028410",7.25,5.55
"ENSMUSG00000028426",5.6,3.65
"ENSMUSG00000028433",2.3,4.225
"ENSMUSG00000028439",3.275,6
"ENSMUSG00000028447",7.075,6.475
"ENSMUSG00000028483",1.55,2.375
"ENSMUSG00000028487",4.175,2.9
"ENSMUSG00000028496",1.35,2.175
"ENSMUSG00000028518",2.2,4.875
"ENSMUSG00000028519",2.55,2.525
"ENSMUSG00000028522",5.95,2.65
"ENSMUSG00000028524",1.375,1.975
"ENSMUSG00000028546",3.7,3.175
"ENSMUSG00000028552",3.45,4.425
"ENSMUSG00000028556",3.425,2.525
"ENSMUSG00000028559",2.15,1.35
"ENSMUSG00000028568",5.45,3.975
"ENSMUSG00000028577",2.125,4.375
"ENSMUSG00000028580",4.175,2.325
"ENSMUSG00000028613",1.825,1.125
"ENSMUSG00000028673",1.425,1
"ENSMUSG00000028676",7.05,5.2
"ENSMUSG00000028698",1.5,1.55
"ENSMUSG00000028745",3.525,2.125
"ENSMUSG00000028760",1.35,1.65
"ENSMUSG00000028771",2.125,1.675
"ENSMUSG00000028796",1.925,1.7
"ENSMUSG00000028797",4.05,2.725
"ENSMUSG00000028799",2.05,3.35
"ENSMUSG00000028809",3.475,3.25
"ENSMUSG00000028830",3.725,4.425
"ENSMUSG00000028849",5.675,6.525
"ENSMUSG00000028879",7.625,6.275
"ENSMUSG00000028886",1.85,2.6
"ENSMUSG00000028926",2.475,4.225
"ENSMUSG00000028964",8,9.175
"ENSMUSG00000028975",6.5,3.1
"ENSMUSG00000028986",4.925,1.275
"ENSMUSG00000028988",3.2,3.125
"ENSMUSG00000029004",3.175,2.425
"ENSMUSG00000029014",3.825,5.175
"ENSMUSG00000029016",3.475,6.125
"ENSMUSG00000029020",5.7,6.575
"ENSMUSG00000029033",6.825,3.625
"ENSMUSG00000029050",5.75,3.925
"ENSMUSG00000029068",6.95,5.05
"ENSMUSG00000029071",2.35,0.875
"ENSMUSG00000029090",7.125,3.85
"ENSMUSG00000029094",4.025,3.8
"ENSMUSG00000029103",3.675,4.425
"ENSMUSG00000029106",5.525,4.275
"ENSMUSG00000029121",3.925,5.85
"ENSMUSG00000029126",3.6,7.1
"ENSMUSG00000029131",1.525,2.775
"ENSMUSG00000029141",2.15,2.15
"ENSMUSG00000029168",4.275,3.8
"ENSMUSG00000029176",5.025,5.25
"ENSMUSG00000029179",2.325,3.5
"ENSMUSG00000029190",2.125,2.625
"ENSMUSG00000029191",2.9,3.475
"ENSMUSG00000029207",4.6,4.175
"ENSMUSG00000029213",7.4,1.85
"ENSMUSG00000029221",3.775,4.6
"ENSMUSG00000029223",2.825,9.45
"ENSMUSG00000029238",3.325,2.875
"ENSMUSG00000029245",1.925,1.625
"ENSMUSG00000029265",4.825,4.8
"ENSMUSG00000029291",5.875,5.5
"ENSMUSG00000029348",4.55,4.725
"ENSMUSG00000029364",6.1,3.175
"ENSMUSG00000029376",6.325,5.55
"ENSMUSG00000029415",5.275,1.925
"ENSMUSG00000029422",2.475,2.425
"ENSMUSG00000029467",4.15,2
"ENSMUSG00000029474",1.95,4.9
"ENSMUSG00000029512",5,6.225
"ENSMUSG00000029534",2.825,2.925
"ENSMUSG00000029550",3.925,4.3
"ENSMUSG00000029577",5.825,4.75
"ENSMUSG00000029581",5.425,5.875
"ENSMUSG00000029610",5.875,3.325
"ENSMUSG00000029621",5.825,1.75
"ENSMUSG00000029625",2.65,2.05
"ENSMUSG00000029635",3.2,1.7
"ENSMUSG00000029638",2.1,2.325
"ENSMUSG00000029651",3,2.325
"ENSMUSG00000029655",2.65,4.375
"ENSMUSG00000029673",3.25,3.375
"ENSMUSG00000029674",4.825,3.65
"ENSMUSG00000029687",1.55,2.175
"ENSMUSG00000029701",6.225,3.175
"ENSMUSG00000029752",4.075,4.8
"ENSMUSG00000029763",2.225,3.075
"ENSMUSG00000029787",4.425,4.05
"ENSMUSG00000029817",3.825,2.475
"ENSMUSG00000029823",4.925,4.5
"ENSMUSG00000029836",2.25,3.4
"ENSMUSG00000029875",2.3,3.475
"ENSMUSG00000029920",2.475,2.325
"ENSMUSG00000030016",2.775,1.825
"ENSMUSG00000030058",8.1,3.65
"ENSMUSG00000030061",6.1,4.85
"ENSMUSG00000030067",2.7,2.825
"ENSMUSG00000030082",4.075,7.125
"ENSMUSG00000030096",2.275,5.55
"ENSMUSG00000030126",3.675,2.375
"ENSMUSG00000030168",4.55,3.525
"ENSMUSG00000030204",4.85,3.4
"ENSMUSG00000030209",2.925,2.6
"ENSMUSG00000030213",1.875,2.5
"ENSMUSG00000030223",2.4,3.375
"ENSMUSG00000030225",6.025,3.75
"ENSMUSG00000030231",2.2,2.475
"ENSMUSG00000030246",2,5.725
"ENSMUSG00000030265",3.625,5.125
"ENSMUSG00000030275",3.375,3.15
"ENSMUSG00000030302",2.225,1.85
"ENSMUSG00000030330",6.5,4.55
"ENSMUSG00000030386",1.8,3.55
"ENSMUSG00000030409",2.325,1.925
"ENSMUSG00000030410",5.175,5.625
"ENSMUSG00000030411",2.925,3.325
"ENSMUSG00000030451",1.975,1.875
"ENSMUSG00000030499",4.6,4.75
"ENSMUSG00000030500",3.3,1.85
"ENSMUSG00000030519",1.675,3.125
"ENSMUSG00000030533",4.15,1.6
"ENSMUSG00000030551",5.325,2.825
"ENSMUSG00000030557",3.875,1.45
"ENSMUSG00000030629",4.45,1.55
"ENSMUSG00000030655",3.85,1.325
"ENSMUSG00000030662",6.2,6.1
"ENSMUSG00000030691",1.2,1.45
"ENSMUSG00000030729",3.075,3.425
"ENSMUSG00000030744",6.475,3.425
"ENSMUSG00000030759",2.15,4.775
"ENSMUSG00000030774",3.175,1.75
"ENSMUSG00000030779",3.25,5.55
"ENSMUSG00000030795",4,3.425
"ENSMUSG00000030814",6.125,6.5
"ENSMUSG00000030835",5.05,2.775
"ENSMUSG00000030842",2.4,5.65
"ENSMUSG00000030846",2.575,2.95
"ENSMUSG00000030850",1.7,1.2
"ENSMUSG00000030852",3.1,3.7
"ENSMUSG00000030872",5.8,4.325
"ENSMUSG00000030884",4.05,8.175
"ENSMUSG00000030965",1.9,3.175
"ENSMUSG00000030970",2.775,1.6
"ENSMUSG00000030980",3.7,3.975
"ENSMUSG00000031007",3.825,8.7
"ENSMUSG00000031012",2.275,3.25
"ENSMUSG00000031059",10.95,4.8
"ENSMUSG00000031065",5.55,5.275
"ENSMUSG00000031066",1.95,1.75
"ENSMUSG00000031104",2.175,4.725
"ENSMUSG00000031149",7.525,4.8
"ENSMUSG00000031226",4.275,5.25
"ENSMUSG00000031227",2.85,6.625
"ENSMUSG00000031229",1.675,2.15
"ENSMUSG00000031231",11.6,6.65
"ENSMUSG00000031239",4.075,5.35
"ENSMUSG00000031246",8.55,6.1
"ENSMUSG00000031256",4.725,3.575
"ENSMUSG00000031284",4.325,3.925
"ENSMUSG00000031311",3.975,2.7
"ENSMUSG00000031320",4,2.875
"ENSMUSG00000031367",3.5,4.95
"ENSMUSG00000031393",2,1.775
"ENSMUSG00000031398",2.15,4.6
"ENSMUSG00000031400",4.775,3.825
"ENSMUSG00000031428",6.1,5.075
"ENSMUSG00000031434",5.85,1.925
"ENSMUSG00000031508",4.125,2.025
"ENSMUSG00000031511",2.825,3.025
"ENSMUSG00000031517",6.825,3.7
"ENSMUSG00000031540",3.025,3.075
"ENSMUSG00000031558",2.075,1.275
"ENSMUSG00000031561",1.825,1.7
"ENSMUSG00000031592",1.7,2.025
"ENSMUSG00000031601",4.35,5.625
"ENSMUSG00000031626",1.9,2.375
"ENSMUSG00000031628",1.725,2.8
"ENSMUSG00000031634",4.825,3.5
"ENSMUSG00000031642",1.575,3.875
"ENSMUSG00000031654",4.95,2.075
"ENSMUSG00000031660",4.35,3.25
"ENSMUSG00000031667",7.1,3.725
"ENSMUSG00000031681",2.6,1.55
"ENSMUSG00000031701",6.675,4.675
"ENSMUSG00000031703",5.05,4.025
"ENSMUSG00000031709",2.625,2.4
"ENSMUSG00000031715",3.55,4.075
"ENSMUSG00000031728",3.225,2.2
"ENSMUSG00000031731",5.95,2.9
"ENSMUSG00000031748",3.125,6
"ENSMUSG00000031751",2.975,5.875
"ENSMUSG00000031770",2.325,2.3
"ENSMUSG00000031785",5,4.625
"ENSMUSG00000031818",1.6,8.875
"ENSMUSG00000031822",3.825,2.575
"ENSMUSG00000031840",2.4,4.375
"ENSMUSG00000031913",2.5,3.3
"ENSMUSG00000031939",6.6,3.875
"ENSMUSG00000031955",1.9,4.275
"ENSMUSG00000031960",2.7,3.7
"ENSMUSG00000031985",5.975,4.9
"ENSMUSG00000032024",5.875,3.65
"ENSMUSG00000032076",4.65,3.675
"ENSMUSG00000032097",5.65,5.075
"ENSMUSG00000032112",2.45,3.8
"ENSMUSG00000032118",2.825,2.05
"ENSMUSG00000032181",2.825,4.55
"ENSMUSG00000032186",5.35,4.875
"ENSMUSG00000032187",5.075,5.675
"ENSMUSG00000032193",3.875,4.325
"ENSMUSG00000032199",5.35,3.3
"ENSMUSG00000032212",4.625,3.6
"ENSMUSG00000032216",7.975,3.825
"ENSMUSG00000032228",3.525,2.45
"ENSMUSG00000032238",2.025,2.775
"ENSMUSG00000032253",1.175,1.1
"ENSMUSG00000032262",2.225,4.225
"ENSMUSG00000032280",4.2,3.325
"ENSMUSG00000032288",1.825,5.6
"ENSMUSG00000032293",4.25,2.525
"ENSMUSG00000032295",2.4,4.475
"ENSMUSG00000032312",2.875,2.725
"ENSMUSG00000032316",2.175,5.25
"ENSMUSG00000032329",3.225,3.775
"ENSMUSG00000032349",4.025,5.825
"ENSMUSG00000032350",3.175,3.1
"ENSMUSG00000032382",3.075,5.5
"ENSMUSG00000032383",12.85,5.4
"ENSMUSG00000032384",2.15,2.65
"ENSMUSG00000032388",3.075,3.525
"ENSMUSG00000032405",2.75,2.15
"ENSMUSG00000032407",1.65,3.85
"ENSMUSG00000032410",1.7,1.325
"ENSMUSG00000032423",5.3,1.975
"ENSMUSG00000032435",4.7,4.95
"ENSMUSG00000032437",5.275,4.95
"ENSMUSG00000032449",5.8,3.25
"ENSMUSG00000032452",3.975,3.7
"ENSMUSG00000032479",2.7,2.425
"ENSMUSG00000032481",3.075,4.55
"ENSMUSG00000032497",4.625,3.35
"ENSMUSG00000032501",1.7,2.625
"ENSMUSG00000032531",1.725,1.175
"ENSMUSG00000032549",5.25,6.4
"ENSMUSG00000032560",5.025,1.525
"ENSMUSG00000032570",3.825,5.025
"ENSMUSG00000032580",5.35,2.25
"ENSMUSG00000032599",2.8,4.55
"ENSMUSG00000032601",2.05,3.75
"ENSMUSG00000032612",4.65,4.15
"ENSMUSG00000032621",3.275,2.225
"ENSMUSG00000032625",5.225,3.05
"ENSMUSG00000032657",3.675,3.825
"ENSMUSG00000032727",2.05,2.025
"ENSMUSG00000032737",4.325,3.45
"ENSMUSG00000032740",2.3,2.325
"ENSMUSG00000032745",3.85,4.775
"ENSMUSG00000032826",1.875,3.475
"ENSMUSG00000032827",2.275,4.775
"ENSMUSG00000032867",5.3,2
"ENSMUSG00000032872",4.175,1.6
"ENSMUSG00000032875",3.425,3.7
"ENSMUSG00000032883",4.025,4.3
"ENSMUSG00000032898",3.325,1.9
"ENSMUSG00000032905",6.8,5.3
"ENSMUSG00000032939",1.175,1.15
"ENSMUSG00000032959",1.825,5.925
"ENSMUSG00000032966",8.275,7.4
"ENSMUSG00000032998",4.85,3.075
"ENSMUSG00000033004",2.525,2.775
"ENSMUSG00000033075",4.25,7.125
"ENSMUSG00000033102",4.075,2.425
"ENSMUSG00000033111",1.275,2.425
"ENSMUSG00000033209",1.625,4.8
"ENSMUSG00000033228",2.85,3.4
"ENSMUSG00000033237",2,1.5
"ENSMUSG00000033319",3.75,3.575
"ENSMUSG00000033326",2.675,5.575
"ENSMUSG00000033335",3.725,3.75
"ENSMUSG00000033352",3.7,3.025
"ENSMUSG00000033361",6.1,5.075
"ENSMUSG00000033446",1.675,1.725
"ENSMUSG00000033450",1.875,1.6
"ENSMUSG00000033478",5.525,1.525
"ENSMUSG00000033499",6.6,3
"ENSMUSG00000033543",2.55,3.25
"ENSMUSG00000033545",3.65,3.35
"ENSMUSG00000033577",2.425,2.65
"ENSMUSG00000033578",2.6,6.7
"ENSMUSG00000033585",7.825,3.525
"ENSMUSG00000033597",7.525,2.425
"ENSMUSG00000033623",2.075,3.85
"ENSMUSG00000033676",3,3.125
"ENSMUSG00000033713",2.725,3.2
"ENSMUSG00000033760",4.35,1.6
"ENSMUSG00000033767",3.225,3.925
"ENSMUSG00000033768",3.9,3.325
"ENSMUSG00000033769",0.925,2.3
"ENSMUSG00000033854",2.3,2.2
"ENSMUSG00000033885",3.125,0.825
"ENSMUSG00000033900",2.425,3.325
"ENSMUSG00000033902",3.025,4.725
"ENSMUSG00000033904",3.2,3.15
"ENSMUSG00000033940",4.825,5.5
"ENSMUSG00000033943",2.75,2.95
"ENSMUSG00000033953",2.275,4.45
"ENSMUSG00000033964",2.65,1.9
"ENSMUSG00000033965",3.025,3.275
"ENSMUSG00000034007",1.275,1.375
"ENSMUSG00000034021",3.725,2.45
"ENSMUSG00000034098",2.875,4.8
"ENSMUSG00000034135",3.225,2.15
"ENSMUSG00000034160",4.825,3.15
"ENSMUSG00000034187",1.925,2.4
"ENSMUSG00000034203",2.825,3.55
"ENSMUSG00000034243",3.275,2.85
"ENSMUSG00000034252",4.425,1.8
"ENSMUSG00000034265",1.275,4.175
"ENSMUSG00000034269",4.825,2.3
"ENSMUSG00000034275",2.625,3.95
"ENSMUSG00000034285",4.875,3.225
"ENSMUSG00000034295",3.75,2.5
"ENSMUSG00000034297",2.5,3.45
"ENSMUSG00000034333",3.875,2.025
"ENSMUSG00000034342",6.1,2.25
"ENSMUSG00000034377",2.275,4.7
"ENSMUSG00000034390",1.775,1.65
"ENSMUSG00000034403",3.125,2.95
"ENSMUSG00000034457",3.225,3.375
"ENSMUSG00000034488",1.825,1.9
"ENSMUSG00000034525",4.325,3.125
"ENSMUSG00000034544",4.925,1.65
"ENSMUSG00000034560",2.275,2.925
"ENSMUSG00000034566",1.55,4.05
"ENSMUSG00000034574",2.275,4.825
"ENSMUSG00000034593",3.775,2.35
"ENSMUSG00000034595",2.725,2.975
"ENSMUSG00000034610",2.3,4.875
"ENSMUSG00000034621",1.45,1.65
"ENSMUSG00000034636",3.2,3.2
"ENSMUSG00000034647",2.3,2.075
"ENSMUSG00000034673",4.4,3.175
"ENSMUSG00000034685",3.75,3.325
"ENSMUSG00000034707",3.025,1.85
"ENSMUSG00000034708",6.125,2.225
"ENSMUSG00000034723",3.225,3
"ENSMUSG00000034724",5.575,3.65
"ENSMUSG00000034729",7.875,2.45
"ENSMUSG00000034744",5.225,1.975
"ENSMUSG00000034751",1.95,2.3
"ENSMUSG00000034755",4.15,3.5
"ENSMUSG00000034801",3.3,3.55
"ENSMUSG00000034813",2.7,2.525
"ENSMUSG00000034818",3.05,4.55
"ENSMUSG00000034820",4.5,3.05
"ENSMUSG00000034868",2.55,2.25
"ENSMUSG00000034940",4.575,2.625
"ENSMUSG00000034973",3.3,2.9
"ENSMUSG00000034981",6.875,2.8
"ENSMUSG00000035027",1.975,3.925
"ENSMUSG00000035048",6.3,5.2
"ENSMUSG00000035051",1.575,1.175
"ENSMUSG00000035139",3.05,3.025
"ENSMUSG00000035152",4.775,2.65
"ENSMUSG00000035161",3.175,2.8
"ENSMUSG00000035168",2.425,2.225
"ENSMUSG00000035173",3.825,2.2
"ENSMUSG00000035236",1.325,2.675
"ENSMUSG00000035242",4.75,7.25
"ENSMUSG00000035247",3.525,3.05
"ENSMUSG00000035392",2.05,1.125
"ENSMUSG00000035401",3.1,1.375
"ENSMUSG00000035437",4.35,1.7
"ENSMUSG00000035551",2.625,3.55
"ENSMUSG00000035566",2.5,2.7
"ENSMUSG00000035569",2.25,2.65
"ENSMUSG00000035580",1.225,1.225
"ENSMUSG00000035620",2.725,1.3
"ENSMUSG00000035621",3.25,1.775
"ENSMUSG00000035623",2,1.35
"ENSMUSG00000035649",2.9,3.1
"ENSMUSG00000035696",5.35,5.5
"ENSMUSG00000035726",2.875,2.525
"ENSMUSG00000035762",4.925,2.225
"ENSMUSG00000035770",5.5,6.075
"ENSMUSG00000035835",2.175,2.375
"ENSMUSG00000035851",4.275,3.1
"ENSMUSG00000035863",2.475,3.9
"ENSMUSG00000035900",1.625,2.45
"ENSMUSG00000035901",4.6,3.15
"ENSMUSG00000035933",5.55,4.475
"ENSMUSG00000035954",1.125,1.5
"ENSMUSG00000035992",3.25,2.875
"ENSMUSG00000036019",1.45,1.2
"ENSMUSG00000036093",3.675,3.6
"ENSMUSG00000036104",2.725,4.425
"ENSMUSG00000036158",2.325,2.125
"ENSMUSG00000036188",3.15,3.225
"ENSMUSG00000036202",1.55,3.425
"ENSMUSG00000036241",5.7,4.975
"ENSMUSG00000036282",2.9,2.55
"ENSMUSG00000036291",1.875,1.025
"ENSMUSG00000036295",2.675,4.425
"ENSMUSG00000036306",3.1,3.375
"ENSMUSG00000036352",5.45,3.05
"ENSMUSG00000036371",5.55,3.775
"ENSMUSG00000036377",2.725,3.725
"ENSMUSG00000036427",8.525,2.725
"ENSMUSG00000036442",3.75,1.925
"ENSMUSG00000036499",3.325,2.625
"ENSMUSG00000036501",1.125,2.825
"ENSMUSG00000036550",2.95,4.65
"ENSMUSG00000036564",4.325,4.825
"ENSMUSG00000036568",3.35,4.275
"ENSMUSG00000036572",3.075,2.125
"ENSMUSG00000036580",2.625,2.375
"ENSMUSG00000036591",3.875,1.5
"ENSMUSG00000036613",3.15,1.425
"ENSMUSG00000036622",3.175,4.275
"ENSMUSG00000036646",3.675,2.15
"ENSMUSG00000036667",1.8,1.6
"ENSMUSG00000036699",2.25,3.325
"ENSMUSG00000036779",5.225,2.25
"ENSMUSG00000036792",1.325,1.975
"ENSMUSG00000036817",3.65,1.475
"ENSMUSG00000036822",2,1.925
"ENSMUSG00000036862",3.95,2.65
"ENSMUSG00000036894",2.9,1.4
"ENSMUSG00000037138",4.95,3.15
"ENSMUSG00000037152",7.275,8.575
"ENSMUSG00000037169",1.775,2.875
"ENSMUSG00000037210",4.125,2.4
"ENSMUSG00000037234",3.425,5.375
"ENSMUSG00000037235",5.7,3.2
"ENSMUSG00000037286",2.975,4.25
"ENSMUSG00000037296",3.725,3.075
"ENSMUSG00000037331",4.65,2.425
"ENSMUSG00000037373",5.9,6.875
"ENSMUSG00000037386",1.825,1.75
"ENSMUSG00000037426",2.45,2
"ENSMUSG00000037458",6.2,4.875
"ENSMUSG00000037461",1.575,2.55
"ENSMUSG00000037470",8.575,3.725
"ENSMUSG00000037475",1.675,1.9
"ENSMUSG00000037487",3.775,3
"ENSMUSG00000037503",3.7,4.05
"ENSMUSG00000037533",2.65,1.975
"ENSMUSG00000037568",1.9,3.25
"ENSMUSG00000037605",2.125,1.5
"ENSMUSG00000037608",2.8,2
"ENSMUSG00000037674",4.525,3.725
"ENSMUSG00000037685",4.125,4.875
"ENSMUSG00000037692",1.725,1.95
"ENSMUSG00000037697",2.425,1.775
"ENSMUSG00000037742",5.725,4.5
"ENSMUSG00000037993",7.175,2.775
"ENSMUSG00000037999",3.125,2.175
"ENSMUSG00000038000",4.375,5.15
"ENSMUSG00000038002",6.075,2.575
"ENSMUSG00000038013",2.75,2.75
"ENSMUSG00000038056",3.9,3.675
"ENSMUSG00000038065",4.1,2.8
"ENSMUSG00000038084",3.65,4
"ENSMUSG00000038095",3.5,2.55
"ENSMUSG00000038116",2.5,2.875
"ENSMUSG00000038141",4.45,2.375
"ENSMUSG00000038143",2.675,4.75
"ENSMUSG00000038145",3.3,2.175
"ENSMUSG00000038205",4.6,2.325
"ENSMUSG00000038244",6.325,5.9
"ENSMUSG00000038248",2.025,2.1
"ENSMUSG00000038250",4.425,1.775
"ENSMUSG00000038256",2.925,2.025
"ENSMUSG00000038267",2.675,4.025
"ENSMUSG00000038351",4.475,3.4
"ENSMUSG00000038369",7.8,3.15
"ENSMUSG00000038371",1.575,2.55
"ENSMUSG00000038375",17.05,6.6
"ENSMUSG00000038384",5.775,2.875
"ENSMUSG00000038388",3.55,5.9
"ENSMUSG00000038393",2.075,1
"ENSMUSG00000038485",3.2,2.4
"ENSMUSG00000038486",4.225,3.275
"ENSMUSG00000038497",2.575,1.5
"ENSMUSG00000038518",2.475,5.525
"ENSMUSG00000038525",3.05,2.8
"ENSMUSG00000038535",2.15,3.225
"ENSMUSG00000038538",3.95,2.675
"ENSMUSG00000038539",7.9,4
"ENSMUSG00000038546",2.225,4.2
"ENSMUSG00000038582",4.875,2.375
"ENSMUSG00000038612",5.425,1.925
"ENSMUSG00000038664",2.15,2.65
"ENSMUSG00000038683",3.95,2.5
"ENSMUSG00000038708",4.275,2.15
"ENSMUSG00000038717",6.425,5.475
"ENSMUSG00000038729",2.925,1.575
"ENSMUSG00000038762",2.925,2.75
"ENSMUSG00000038780",2.825,2.825
"ENSMUSG00000038812",6.325,1.875
"ENSMUSG00000038872",1.725,1.65
"ENSMUSG00000038876",3.575,5
"ENSMUSG00000038902",1.825,2.525
"ENSMUSG00000038916",3.4,2.45
"ENSMUSG00000039000",4.425,3.775
"ENSMUSG00000039041",6.375,6.075
"ENSMUSG00000039067",3.5,2.075
"ENSMUSG00000039086",3.35,2.825
"ENSMUSG00000039178",1.65,3.575
"ENSMUSG00000039191",2.675,1.75
"ENSMUSG00000039205",3.275,6.075
"ENSMUSG00000039218",3.75,4.875
"ENSMUSG00000039219",2.675,1.375
"ENSMUSG00000039221",3.825,4.75
"ENSMUSG00000039230",2.5,2.025
"ENSMUSG00000039262",3.175,6.5
"ENSMUSG00000039275",4.8,3.025
"ENSMUSG00000039347",2.625,4.925
"ENSMUSG00000039361",3.825,3.05
"ENSMUSG00000039385",2.55,2.65
"ENSMUSG00000039419",3.7,2.275
"ENSMUSG00000039431",3.025,5.825
"ENSMUSG00000039473",5.525,2.175
"ENSMUSG00000039478",3.375,3.35
"ENSMUSG00000039515",7.2,4.85
"ENSMUSG00000039530",3.675,2.025
"ENSMUSG00000039578",1.575,2.025
"ENSMUSG00000039585",3.175,1.825
"ENSMUSG00000039652",3.9,2.6
"ENSMUSG00000039671",4.025,3.925
"ENSMUSG00000039704",2.475,3.5
"ENSMUSG00000039737",6.1,5.925
"ENSMUSG00000039801",3.55,1.25
"ENSMUSG00000039804",5.425,3.35
"ENSMUSG00000039835",2.075,4.7
"ENSMUSG00000039844",4.425,2
"ENSMUSG00000039852",2.35,2.05
"ENSMUSG00000039860",2.075,2.4
"ENSMUSG00000039879",4.625,3.25
"ENSMUSG00000039913",1.625,2.275
"ENSMUSG00000039953",5.15,6.475
"ENSMUSG00000039959",2.85,1.4
"ENSMUSG00000039960",1.975,3
"ENSMUSG00000039967",2.325,1.8
"ENSMUSG00000039976",8.75,6.025
"ENSMUSG00000039982",2.725,3.175
"ENSMUSG00000040021",2.3,3.525
"ENSMUSG00000040029",5.175,2.125
"ENSMUSG00000040048",2.25,2.825
"ENSMUSG00000040054",2.025,5.025
"ENSMUSG00000040097",7.175,5.05
"ENSMUSG00000040118",2.5,1.85
"ENSMUSG00000040151",4.925,5.3
"ENSMUSG00000040167",3.825,3.225
"ENSMUSG00000040225",2.05,3.15
"ENSMUSG00000040268",2.95,2.5
"ENSMUSG00000040270",2.325,1.375
"ENSMUSG00000040297",4.3,4.075
"ENSMUSG00000040354",4.325,5.25
"ENSMUSG00000040359",3.6,4.025
"ENSMUSG00000040407",4.15,2.075
"ENSMUSG00000040423",2,1.325
"ENSMUSG00000040430",3.9,4.15
"ENSMUSG00000040446",2.05,2.625
"ENSMUSG00000040481",5.875,1.825
"ENSMUSG00000040502",3.2,6.9
"ENSMUSG00000040549",5.5,4.525
"ENSMUSG00000040560",4.425,5.375
"ENSMUSG00000040591",2.9,2.7
"ENSMUSG00000040596",2.525,4.275
"ENSMUSG00000040610",5.775,3.9
"ENSMUSG00000040640",2.475,2.225
"ENSMUSG00000040648",3.225,1.675
"ENSMUSG00000040651",4.2,1.7
"ENSMUSG00000040652",6.375,5.325
"ENSMUSG00000040675",2.275,1.7
"ENSMUSG00000040699",3,3.125
"ENSMUSG00000040717",3.525,4.8
"ENSMUSG00000040720",2.9,1.85
"ENSMUSG00000040738",2.25,1.875
"ENSMUSG00000040746",4.1,2.25
"ENSMUSG00000040761",5.175,7
"ENSMUSG00000040782",1.45,2.975
"ENSMUSG00000040785",2.7,2.725
"ENSMUSG00000040850",5.275,3.525
"ENSMUSG00000040929",1.95,1.7
"ENSMUSG00000040943",3.225,1.8
"ENSMUSG00000040990",2.725,2.8
"ENSMUSG00000041037",2.15,2.7
"ENSMUSG00000041040",2.45,2.775
"ENSMUSG00000041057",2.575,2.775
"ENSMUSG00000041124",3.4,4.425
"ENSMUSG00000041133",5.125,2.8
"ENSMUSG00000041203",1.925,2.025
"ENSMUSG00000041215",3.15,1.25
"ENSMUSG00000041216",1.9,3
"ENSMUSG00000041220",2.925,1.45
"ENSMUSG00000041229",3.7,4.575
"ENSMUSG00000041264",3,2.975
"ENSMUSG00000041268",4.925,2.825
"ENSMUSG00000041297",3.325,2
"ENSMUSG00000041328",3.175,1.65
"ENSMUSG00000041353",7.8,3.7
"ENSMUSG00000041360",3.625,4.975
"ENSMUSG00000041415",2.225,3.8
"ENSMUSG00000041420",4.85,3.475
"ENSMUSG00000041438",2.175,4.325
"ENSMUSG00000041439",4.475,1.55
"ENSMUSG00000041444",2.825,4.4
"ENSMUSG00000041570",2.35,2.3
"ENSMUSG00000041607",3.2,2.725
"ENSMUSG00000041638",2.4,4.6
"ENSMUSG00000041642",3.9,3.875
"ENSMUSG00000041645",4.35,3.05
"ENSMUSG00000041670",1.8,3.85
"ENSMUSG00000041702",6.075,3.525
"ENSMUSG00000041720",3.6,2.975
"ENSMUSG00000041763",6.05,2.375
"ENSMUSG00000041769",6.775,3.7
"ENSMUSG00000041773",5.325,2.875
"ENSMUSG00000041781",4.35,2.45
"ENSMUSG00000041837",2.2,3.6
"ENSMUSG00000041846",1.925,2.025
"ENSMUSG00000041870",3.1,4.325
"ENSMUSG00000041881",6.9,8.3
"ENSMUSG00000041915",2.55,3.375
"ENSMUSG00000041923",4.7,1.475
"ENSMUSG00000041936",3.925,2.925
"ENSMUSG00000041992",2.575,1.925
"ENSMUSG00000041997",2.075,2.825
"ENSMUSG00000042066",4.375,4.625
"ENSMUSG00000042078",3.35,5.55
"ENSMUSG00000042121",2.975,4.85
"ENSMUSG00000042133",4.3,4.475
"ENSMUSG00000042148",3.3,3
"ENSMUSG00000042155",3.5,1.575
"ENSMUSG00000042197",2.375,2.9
"ENSMUSG00000042207",1.225,1.925
"ENSMUSG00000042208",4,6.175
"ENSMUSG00000042272",3.675,5
"ENSMUSG00000042298",3.175,5.65
"ENSMUSG00000042302",3.95,4.4
"ENSMUSG00000042364",3.475,1.95
"ENSMUSG00000042390",4.025,4.6
"ENSMUSG00000042406",3.575,1.8
"ENSMUSG00000042410",4.725,3.05
"ENSMUSG00000042439",1.8,3.325
"ENSMUSG00000042444",2.9,2.925
"ENSMUSG00000042446",2.875,2.45
"ENSMUSG00000042472",2.25,1.6
"ENSMUSG00000042508",3.575,3.55
"ENSMUSG00000042535",2.025,2.25
"ENSMUSG00000042548",5.325,1.925
"ENSMUSG00000042572",3.75,4.6
"ENSMUSG00000042590",1.725,1.35
"ENSMUSG00000042595",2.975,4
"ENSMUSG00000042599",1.25,2.025
"ENSMUSG00000042605",2.825,2.05
"ENSMUSG00000042699",5.15,8.375
"ENSMUSG00000042705",4.875,2.775
"ENSMUSG00000042712",1.525,1.65
"ENSMUSG00000042719",2.125,2.125
"ENSMUSG00000042737",4.35,5.8
"ENSMUSG00000042742",3.95,1.65
"ENSMUSG00000042745",1.875,1.55
"ENSMUSG00000042790",2.75,3.725
"ENSMUSG00000043004",8.175,6.5
"ENSMUSG00000043019",4.75,5.2
"ENSMUSG00000043059",7.05,3.175
"ENSMUSG00000043154",6.25,3.725
"ENSMUSG00000043241",2.575,1.575
"ENSMUSG00000043384",4.025,4
"ENSMUSG00000043419",5.4,4.625
"ENSMUSG00000043421",4.65,2.325
"ENSMUSG00000043535",2.075,2.725
"ENSMUSG00000043542",5.225,1.775
"ENSMUSG00000043683",1.3,2.6
"ENSMUSG00000043940",3.775,3.625
"ENSMUSG00000043962",2.1,2.075
"ENSMUSG00000043991",3.975,1.5
"ENSMUSG00000044030",2.8,1.775
"ENSMUSG00000044068",1.825,1.575
"ENSMUSG00000044098",1.025,1.9
"ENSMUSG00000044117",0.975,2.7
"ENSMUSG00000044447",6.825,3.15
"ENSMUSG00000044548",1.5,3
"ENSMUSG00000044636",3.9,2.05
"ENSMUSG00000044647",2.625,1.625
"ENSMUSG00000044707",3.525,1.525
"ENSMUSG00000044791",2.125,2.65
"ENSMUSG00000044807",5.6,1.45
"ENSMUSG00000044950",1.95,1.55
"ENSMUSG00000045095",3.325,3.8
"ENSMUSG00000045098",3.85,2.675
"ENSMUSG00000045128",5.7,6.75
"ENSMUSG00000045136",7.375,6.7
"ENSMUSG00000045176",1.775,2.375
"ENSMUSG00000045193",3.525,3.525
"ENSMUSG00000045215",2.075,3.9
"ENSMUSG00000045216",3.825,4.25
"ENSMUSG00000045294",3.65,2.275
"ENSMUSG00000045333",2.5,5.225
"ENSMUSG00000045411",3.875,2.675
"ENSMUSG00000045624",2.05,1.375
"ENSMUSG00000045962",7.575,3.5
"ENSMUSG00000045969",2,2.5
"ENSMUSG00000045991",1.95,5.275
"ENSMUSG00000046058",1.1,2.675
"ENSMUSG00000046138",1.5,1.225
"ENSMUSG00000046329",5.75,1.7
"ENSMUSG00000046432",5.675,2.65
"ENSMUSG00000046447",4.375,2.15
"ENSMUSG00000046572",3.25,2.05
"ENSMUSG00000046607",3.95,4.975
"ENSMUSG00000046668",4.15,3.475
"ENSMUSG00000046709",1.15,4.325
"ENSMUSG00000046722",2.475,2.775
"ENSMUSG00000046798",4.375,5.4
"ENSMUSG00000046997",2.225,2.025
"ENSMUSG00000047003",3.225,3.875
"ENSMUSG00000047030",2.525,2.25
"ENSMUSG00000047084",3.975,5.2
"ENSMUSG00000047085",2.175,1.525
"ENSMUSG00000047126",5.125,3.425
"ENSMUSG00000047139",8.025,5.675
"ENSMUSG00000047143",2.175,1.3
"ENSMUSG00000047187",5.125,3.4
"ENSMUSG00000047193",2.375,1.575
"ENSMUSG00000047213",2.95,3.225
"ENSMUSG00000047368",1.975,2.175
"ENSMUSG00000047417",4.475,5.65
"ENSMUSG00000047459",5.825,9.15
"ENSMUSG00000047495",0.825,2.2
"ENSMUSG00000047539",3.375,2.7
"ENSMUSG00000047547",1.825,2.35
"ENSMUSG00000047675",13.425,6.575
"ENSMUSG00000047710",2.225,1.1
"ENSMUSG00000047766",3.45,3.25
"ENSMUSG00000047789",3.4,1.55
"ENSMUSG00000047879",7.5,3.475
"ENSMUSG00000047888",2,1.475
"ENSMUSG00000047945",2.825,5.275
"ENSMUSG00000047989",5.775,2.975
"ENSMUSG00000048000",1.9,1.35
"ENSMUSG00000048001",1.3,1.875
"ENSMUSG00000048040",6.05,4.3
"ENSMUSG00000048058",2.9,4.225
"ENSMUSG00000048078",2.25,3.025
"ENSMUSG00000048100",4.55,3.4
"ENSMUSG00000048234",3,5.65
"ENSMUSG00000048264",1.3,2
"ENSMUSG00000048271",5.275,3.525
"ENSMUSG00000048279",2.65,7.275
"ENSMUSG00000048349",2.3,2.825
"ENSMUSG00000048376",3.475,2.6
"ENSMUSG00000048385",2.625,2.25
"ENSMUSG00000048410",2.25,3.175
"ENSMUSG00000048490",2.1,2
"ENSMUSG00000048540",1.575,1.925
"ENSMUSG00000048696",2.05,4.575
"ENSMUSG00000048756",2.375,3.6
"ENSMUSG00000048833",6.175,4.875
"ENSMUSG00000048895",4.075,2.9
"ENSMUSG00000049036",1.7,2.125
"ENSMUSG00000049100",2.3,3.75
"ENSMUSG00000049106",4.35,2.75
"ENSMUSG00000049119",1.125,2.525
"ENSMUSG00000049164",5.4,2.75
"ENSMUSG00000049184",2.025,1.525
"ENSMUSG00000049305",3.3,1.85
"ENSMUSG00000049336",1.95,4.425
"ENSMUSG00000049421",1,1.4
"ENSMUSG00000049470",3.25,4.9
"ENSMUSG00000049504",2.15,2.35
"ENSMUSG00000049532",3.975,2.525
"ENSMUSG00000049606",1.775,1.525
"ENSMUSG00000049657",2,3.75
"ENSMUSG00000049659",5.025,2.675
"ENSMUSG00000049670",3.275,5.575
"ENSMUSG00000049800",2.15,2.1
"ENSMUSG00000049866",4.6,4.125
"ENSMUSG00000049878",2.15,2.475
"ENSMUSG00000050064",2.2,2.5
"ENSMUSG00000050079",1.925,1.85
"ENSMUSG00000050148",3.075,3.225
"ENSMUSG00000050240",3.65,3.8
"ENSMUSG00000050272",1.525,2.35
"ENSMUSG00000050310",1.625,2.375
"ENSMUSG00000050379",2.825,3.825
"ENSMUSG00000050530",2.55,1.425
"ENSMUSG00000050628",4.3,3.825
"ENSMUSG00000050812",2.475,1.425
"ENSMUSG00000050890",1.675,1.625
"ENSMUSG00000051177",3.075,1.675
"ENSMUSG00000051251",2.425,1.725
"ENSMUSG00000051306",4.55,2.4
"ENSMUSG00000051379",4.275,2.15
"ENSMUSG00000051469",3.75,2.85
"ENSMUSG00000051518",3.55,2.75
"ENSMUSG00000051527",2.425,2.575
"ENSMUSG00000051586",1.725,1.225
"ENSMUSG00000051675",5.35,3.45
"ENSMUSG00000051790",4.725,3.475
"ENSMUSG00000051817",2.7,3.7
"ENSMUSG00000052144",3.875,4.8
"ENSMUSG00000052155",2.075,1.4
"ENSMUSG00000052298",5.225,3.325
"ENSMUSG00000052299",3.275,2.225
"ENSMUSG00000052337",7.95,4.525
"ENSMUSG00000052516",1.9,2.85
"ENSMUSG00000052572",1.75,1.9
"ENSMUSG00000052584",3.725,5.625
"ENSMUSG00000052632",1.625,1.625
"ENSMUSG00000052713",2.075,2.075
"ENSMUSG00000052727",3.2,1.85
"ENSMUSG00000052748",2.4,1.45
"ENSMUSG00000052812",2.5,2.4
"ENSMUSG00000052852",3,3.675
"ENSMUSG00000052915",6.125,4.7
"ENSMUSG00000052917",3.725,2.6
"ENSMUSG00000052920",1.875,1.275
"ENSMUSG00000052928",1.1,1.775
"ENSMUSG00000052949",6.9,3
"ENSMUSG00000053289",1.875,1.25
"ENSMUSG00000053411",3.775,3.075
"ENSMUSG00000053414",1.725,3.25
"ENSMUSG00000053470",1.65,1.975
"ENSMUSG00000053477",3.025,1.85
"ENSMUSG00000053510",3.825,2.65
"ENSMUSG00000053536",4.325,2.25
"ENSMUSG00000053580",3.15,3.225
"ENSMUSG00000053646",4.025,4.125
"ENSMUSG00000053768",3.4,2.575
"ENSMUSG00000053819",2.875,2.675
"ENSMUSG00000053907",3.175,4.35
"ENSMUSG00000054074",1.275,0.725
"ENSMUSG00000054199",4.1,5.025
"ENSMUSG00000054302",2.65,5.025
"ENSMUSG00000054309",4.5,2.375
"ENSMUSG00000054364",3.075,4.675
"ENSMUSG00000054423",2.075,3.175
"ENSMUSG00000054452",2.65,8.125
"ENSMUSG00000054604",5.7,2.425
"ENSMUSG00000054611",2.675,2.375
"ENSMUSG00000054720",4.425,2.925
"ENSMUSG00000054728",2.45,1.2
"ENSMUSG00000054863",2.175,1.8
"ENSMUSG00000054893",2.625,4.125
"ENSMUSG00000055022",2.1,2.625
"ENSMUSG00000055067",3.325,3.95
"ENSMUSG00000055202",5.975,1.875
"ENSMUSG00000055254",4.45,5.125
"ENSMUSG00000055319",2.45,2.375
"ENSMUSG00000055320",3.3,3.025
"ENSMUSG00000055371",4.825,2.95
"ENSMUSG00000055421",2.325,1.975
"ENSMUSG00000055436",3.375,3.35
"ENSMUSG00000055447",3.25,3.9
"ENSMUSG00000055531",6.25,5.425
"ENSMUSG00000055639",1.675,2.025
"ENSMUSG00000055761",1.325,1.425
"ENSMUSG00000056076",8.175,4.25
"ENSMUSG00000056211",3.95,3.675
"ENSMUSG00000056267",4.95,4.35
"ENSMUSG00000056342",3.025,2.2
"ENSMUSG00000056429",2.575,3.525
"ENSMUSG00000056486",3.35,2.775
"ENSMUSG00000056608",3.175,2.5
"ENSMUSG00000056763",2.875,3.775
"ENSMUSG00000056812",4.4,3.525
"ENSMUSG00000056854",2.175,1.525
"ENSMUSG00000057098",3.275,2.475
"ENSMUSG00000057133",3,2.625
"ENSMUSG00000057182",1.775,3.25
"ENSMUSG00000057230",3.275,2.25
"ENSMUSG00000057335",4.225,3.2
"ENSMUSG00000057388",6.275,3.375
"ENSMUSG00000057406",4.95,5.5
"ENSMUSG00000057457",2.8,2.575
"ENSMUSG00000057531",1.725,3.05
"ENSMUSG00000057561",4.575,3.425
"ENSMUSG00000057637",4.925,1.8
"ENSMUSG00000057649",3.625,2.15
"ENSMUSG00000057706",2.125,1.625
"ENSMUSG00000057716",2.475,1.9
"ENSMUSG00000057777",2.175,1.65
"ENSMUSG00000057894",2.2,1.075
"ENSMUSG00000058013",3.125,3.9
"ENSMUSG00000058056",4.075,1.725
"ENSMUSG00000058230",3.675,4.375
"ENSMUSG00000058318",2.55,3.15
"ENSMUSG00000058392",3.7,5.525
"ENSMUSG00000058440",2.775,2.225
"ENSMUSG00000058444",0.95,1.925
"ENSMUSG00000058558",8.175,3.625
"ENSMUSG00000058600",8.525,2.7
"ENSMUSG00000058672",3.975,6.275
"ENSMUSG00000058690",4.775,1.95
"ENSMUSG00000058761",1.15,1.85
"ENSMUSG00000059005",3.775,2.425
"ENSMUSG00000059146",1.675,3
"ENSMUSG00000059182",5.025,1.75
"ENSMUSG00000059263",2.75,3.625
"ENSMUSG00000059474",1.9,2.2
"ENSMUSG00000059495",6.425,2.375
"ENSMUSG00000059742",2.775,1.3
"ENSMUSG00000059796",6.025,7.05
"ENSMUSG00000059857",2.45,2.025
"ENSMUSG00000059921",1.325,3.575
"ENSMUSG00000059923",3.75,5.825
"ENSMUSG00000059974",3.075,1.225
"ENSMUSG00000060073",2.25,1.975
"ENSMUSG00000060206",1.825,1.575
"ENSMUSG00000060227",2.45,3.425
"ENSMUSG00000060261",2.35,2.45
"ENSMUSG00000060475",6.65,4.15
"ENSMUSG00000060510",1.4,1.95
"ENSMUSG00000060534",1.2,2.375
"ENSMUSG00000060568",4.05,2.625
"ENSMUSG00000060657",2.85,2.7
"ENSMUSG00000061024",5.6,2.575
"ENSMUSG00000061080",1.65,2.25
"ENSMUSG00000061136",6.15,1.575
"ENSMUSG00000061207",6.325,2.1
"ENSMUSG00000061244",2.725,3.425
"ENSMUSG00000061288",2.85,2.2
"ENSMUSG00000061313",2.55,4.675
"ENSMUSG00000061393",4.525,3.475
"ENSMUSG00000061411",3.675,3.25
"ENSMUSG00000061436",2.125,2.075
"ENSMUSG00000061458",2.375,2.625
"ENSMUSG00000061576",1.6,2.425
"ENSMUSG00000061589",3.375,3.8
"ENSMUSG00000061603",2.55,1.825
"ENSMUSG00000061666",3.15,3.775
"ENSMUSG00000061689",1.175,2.075
"ENSMUSG00000061751",2.2,4.075
"ENSMUSG00000061755",3.55,1.875
"ENSMUSG00000061904",8.8,6.925
"ENSMUSG00000061911",3.05,3.775
"ENSMUSG00000061950",3.425,2.325
"ENSMUSG00000062127",1.5,1.05
"ENSMUSG00000062190",4.9,4.4
"ENSMUSG00000062203",4.325,5.1
"ENSMUSG00000062604",1.95,3.6
"ENSMUSG00000062761",3.9,3.5
"ENSMUSG00000062762",4.125,3.9
"ENSMUSG00000062822",2.1,2.9
"ENSMUSG00000062901",4.275,4.55
"ENSMUSG00000062929",6.25,2.25
"ENSMUSG00000062961",3.1,2.925
"ENSMUSG00000063063",2.725,6.6
"ENSMUSG00000063065",3.625,3.525
"ENSMUSG00000063077",1.575,2.225
"ENSMUSG00000063142",2.925,3.725
"ENSMUSG00000063239",3.3,2.45
"ENSMUSG00000063253",4.75,2.7
"ENSMUSG00000063273",3.825,2.075
"ENSMUSG00000063382",3.675,3.15
"ENSMUSG00000063434",1.575,1.35
"ENSMUSG00000063450",2.9,2.625
"ENSMUSG00000063632",5.375,4.75
"ENSMUSG00000063659",5.9,2.475
"ENSMUSG00000063804",3.6,2.575
"ENSMUSG00000063870",3.9,2.15
"ENSMUSG00000063887",2.425,2
"ENSMUSG00000064061",1.7,2.6
"ENSMUSG00000064138",3.925,2.85
"ENSMUSG00000064264",1.8,2.825
"ENSMUSG00000064302",4,1.325
"ENSMUSG00000066036",4.275,5.975
"ENSMUSG00000066037",3.1,1.875
"ENSMUSG00000066150",4.15,5.525
"ENSMUSG00000066278",5.175,3
"ENSMUSG00000066306",2.525,2.125
"ENSMUSG00000066324",2.4,2.5
"ENSMUSG00000066357",4.075,5.475
"ENSMUSG00000066392",2.1,2.525
"ENSMUSG00000066415",2.025,3.15
"ENSMUSG00000066551",7.75,6.25
"ENSMUSG00000066705",6.575,4.075
"ENSMUSG00000066900",4.95,6.1
"ENSMUSG00000067071",1.8,2.7
"ENSMUSG00000067336",6.075,4.975
"ENSMUSG00000067786",1.175,4.05
"ENSMUSG00000067931",3.45,1.575
"ENSMUSG00000068479",1.9,1.95
"ENSMUSG00000068735",5.85,3.325
"ENSMUSG00000068823",7.475,3.15
"ENSMUSG00000068923",2.725,3.75
"ENSMUSG00000069171",1.675,1.5
"ENSMUSG00000069227",5.375,2.975
"ENSMUSG00000069237",6.25,3.075
"ENSMUSG00000069495",4.175,5.775
"ENSMUSG00000069539",2.375,3.6
"ENSMUSG00000069601",2.9,3.45
"ENSMUSG00000069662",3.45,3.125
"ENSMUSG00000069729",2.95,2.225
"ENSMUSG00000069769",1.875,2.825
"ENSMUSG00000070056",1.25,1.85
"ENSMUSG00000070509",3.325,2.05
"ENSMUSG00000070544",2.2,4.25
"ENSMUSG00000070565",2.225,2.1
"ENSMUSG00000070576",1.575,2.625
"ENSMUSG00000070733",2.775,1.225
"ENSMUSG00000070802",3.175,2.975
"ENSMUSG00000070858",2.75,7.35
"ENSMUSG00000070934",4.275,2.5
"ENSMUSG00000071054",3.375,1.525
"ENSMUSG00000071064",2.825,2.3
"ENSMUSG00000071076",4.575,2.875
"ENSMUSG00000071337",2.7,2.2
"ENSMUSG00000071644",5.425,7.6
"ENSMUSG00000071650",3.4,4.55
"ENSMUSG00000071658",1.75,2.2
"ENSMUSG00000071659",5.15,3.525
"ENSMUSG00000071660",3.025,3.075
"ENSMUSG00000072214",7.55,5.275
"ENSMUSG00000072294",2.85,1.675
"ENSMUSG00000072501",1.625,2.6
"ENSMUSG00000072966",4.375,6.525
"ENSMUSG00000073557",1.65,2.275
"ENSMUSG00000073563",3.675,1.15
"ENSMUSG00000073643",6,1.325
"ENSMUSG00000073725",3.875,4.1
"ENSMUSG00000074129",1.65,2.15
"ENSMUSG00000074247",3.575,2.35
"ENSMUSG00000074505",1.4,1.375
"ENSMUSG00000074656",5.3,5.425
"ENSMUSG00000074657",1.8,2.65
"ENSMUSG00000074748",5.8,3.05
"ENSMUSG00000074781",5.3,6.425
"ENSMUSG00000074797",3.575,5.725
"ENSMUSG00000074884",5.8,4.125
"ENSMUSG00000074968",1.6,1.5
"ENSMUSG00000074994",4.6,1.45
"ENSMUSG00000075232",3.325,5.9
"ENSMUSG00000075376",2,2.25
"ENSMUSG00000076431",1.875,1.575
"ENSMUSG00000078427",4.7,2.275
"ENSMUSG00000078440",4.35,2.5
"ENSMUSG00000078572",5.775,3.35
"ENSMUSG00000078622",4.625,3.5
"ENSMUSG00000078681",3.625,5.625
"ENSMUSG00000078784",3.5,2.6
"ENSMUSG00000078941",3.35,2
"ENSMUSG00000079065",1.8,1.3
"ENSMUSG00000079108",4.75,4.975
"ENSMUSG00000079157",4.05,3.825
"ENSMUSG00000079184",3.275,5.4
"ENSMUSG00000079197",3.25,5.625
"ENSMUSG00000079426",8.925,4.925
"ENSMUSG00000079435",1.75,3.05
"ENSMUSG00000079477",5.05,3.375
"ENSMUSG00000079487",6.2,5.375
"ENSMUSG00000079509",6.65,4.25
"ENSMUSG00000079523",5.1,9.675
"ENSMUSG00000085795",3.325,3.375
"ENSMUSG00000087260",4.475,3.85
"ENSMUSG00000037750",3.675,1.525
"ENSMUSG00000037791",5.625,2.075
"ENSMUSG00000037795",3.6,3.95
"ENSMUSG00000037805",5.475,2.475
"ENSMUSG00000037843",1.775,1.525
"ENSMUSG00000037851",3.125,2
"ENSMUSG00000037852",7.8,7.65
"ENSMUSG00000037857",1.7,2.7
"ENSMUSG00000037894",5.8,4.075
"ENSMUSG00000037926",3.15,2.85
"ENSMUSG00000037972",2.125,3.75
"ENSMUSG00000037989",2.525,3.15
"ENSMUSG00000089715",1.45,2.875
"ENSMUSG00000089762",1.375,1.9
"ENSMUSG00000089847",3.725,3.675
"ENSMUSG00000089945",5.85,2.55
"ENSMUSG00000089989",2.4,3.275
"ENSMUSG00000090083",2.8,2.925
"ENSMUSG00000090112",2.725,2.05
"ENSMUSG00000091512",3.65,3.575
"ENSMUSG00000092558",6.05,4.1
"ENSMUSG00000093930",3.05,3.95
"ENSMUSG00000094248",1.3,3.4
"ENSMUSG00000094777",4.5,5.7
"ENSMUSG00000094910",3,5.5
"ENSMUSG00000094936",4.2,2.925
"ENSMUSG00000095041",3.825,4.75
"ENSMUSG00000095139",3.8,1.75
"ENSMUSG00000096054",1.55,2.075
"ENSMUSG00000096255",3.925,2.925
"ENSMUSG00000096370",4.85,4.05
"ENSMUSG00000098374",3.35,2.125
"ENSMUSG00000099689",1.9,2.325
"ENSMUSG00000102049",2.925,2.525
"ENSMUSG00000102206",2.2,2.225
"ENSMUSG00000102222",5.1,4.525
"ENSMUSG00000102312",2.375,4.425
"ENSMUSG00000102422",2.175,6.525
"ENSMUSG00000102440",3.6,6.8
"ENSMUSG00000102697",2.975,3.325
"ENSMUSG00000102918",4.675,2.825
"ENSMUSG00000102976",5.3,3.025
"ENSMUSG00000103037",2.85,5.1
"ENSMUSG00000103144",5.45,4.325
"ENSMUSG00000103332",6.95,5.2
"ENSMUSG00000103442",2.675,4.275
"ENSMUSG00000103567",3.925,7
"ENSMUSG00000103677",6.45,4.25
"ENSMUSG00000103707",5.25,5.05
"ENSMUSG00000103793",4.65,3.375
"ENSMUSG00000104063",7.85,2.7
"ENSMUSG00000104148",3.475,3.825
"ENSMUSG00000104252",5.4,5.125
"ENSMUSG00000106864",2.05,0.85
"ENSMUSG00000107068",2.85,2.9
"ENSMUSG00000107478",6.175,3.475
"ENSMUSG00000115987",5.425,8.425
"ENSMUSG00000117694",5.45,3.4
